,Survived,Pclass,Age,SibSp,Parch,Fare,Cabin_number,Cabin_A,Cabin_B,Cabin_C,Cabin_D,Cabin_E,Cabin_F,Cabin_G,Cabin_T,Cabin_Z,Embarked_C,Embarked_Q,Embarked_S
446,1,2,13.0,0,1,19.5,0,0,0,0,0,0,0,0,0,1,0,0,1
370,1,1,25.0,1,0,55.4417,50,0,0,0,0,1,0,0,0,0,1,0,0
62,0,1,45.0,1,0,83.475,83,0,0,1,0,0,0,0,0,0,0,0,1
421,0,3,21.0,0,0,7.7333,0,0,0,0,0,0,0,0,0,1,0,1,0
608,1,2,22.0,1,2,41.5792,0,0,0,0,0,0,0,0,0,1,1,0,0
406,0,3,51.0,0,0,7.75,0,0,0,0,0,0,0,0,0,1,0,0,1
165,1,3,9.0,0,2,20.525,0,0,0,0,0,0,0,0,0,1,0,0,1
276,0,3,45.0,0,0,7.75,0,0,0,0,0,0,0,0,0,1,0,0,1
688,0,3,18.0,0,0,7.7958,0,0,0,0,0,0,0,0,0,1,0,0,1
66,1,2,29.0,0,0,10.5,33,0,0,0,0,0,1,0,0,0,0,0,1
169,0,3,28.0,0,0,56.4958,0,0,0,0,0,0,0,0,0,1,0,0,1
873,0,3,47.0,0,0,9.0,0,0,0,0,0,0,0,0,0,1,0,0,1
569,1,3,32.0,0,0,7.8542,0,0,0,0,0,0,0,0,0,1,0,0,1
73,0,3,26.0,1,0,14.4542,0,0,0,0,0,0,0,0,0,1,1,0,0
447,1,1,34.0,0,0,26.55,0,0,0,0,0,0,0,0,0,1,0,0,1
551,0,2,27.0,0,0,26.0,0,0,0,0,0,0,0,0,0,1,0,0,1
177,0,1,50.0,0,0,28.7125,49,0,0,1,0,0,0,0,0,0,1,0,0
691,1,3,4.0,0,1,13.4167,0,0,0,0,0,0,0,0,0,1,1,0,0
771,0,3,48.0,0,0,7.8542,0,0,0,0,0,0,0,0,0,1,0,0,1
382,0,3,32.0,0,0,7.925,0,0,0,0,0,0,0,0,0,1,0,0,1
150,0,2,51.0,0,0,12.525,0,0,0,0,0,0,0,0,0,1,0,0,1
137,0,1,37.0,1,0,53.1,123,0,0,1,0,0,0,0,0,0,0,0,1
600,1,2,24.0,2,1,27.0,0,0,0,0,0,0,0,0,0,1,0,0,1
463,0,2,48.0,0,0,13.0,0,0,0,0,0,0,0,0,0,1,0,0,1
518,1,2,36.0,1,0,26.0,0,0,0,0,0,0,0,0,0,1,0,0,1
3,1,1,35.0,1,0,53.1,123,0,0,1,0,0,0,0,0,0,0,0,1
476,0,2,34.0,1,0,21.0,0,0,0,0,0,0,0,0,0,1,0,0,1
130,0,3,33.0,0,0,7.8958,0,0,0,0,0,0,0,0,0,1,1,0,0
867,0,1,31.0,0,0,50.4958,24,1,0,0,0,0,0,0,0,0,0,0,1
841,0,2,16.0,0,0,10.5,0,0,0,0,0,0,0,0,0,1,0,0,1
398,0,2,23.0,0,0,10.5,0,0,0,0,0,0,0,0,0,1,0,0,1
70,0,2,32.0,0,0,10.5,0,0,0,0,0,0,0,0,0,1,0,0,1
20,0,2,35.0,0,0,26.0,0,0,0,0,0,0,0,0,0,1,0,0,1
323,1,2,22.0,1,1,29.0,0,0,0,0,0,0,0,0,0,1,0,0,1
184,1,3,4.0,0,2,22.025,0,0,0,0,0,0,0,0,0,1,0,0,1
68,1,3,17.0,4,2,7.925,0,0,0,0,0,0,0,0,0,1,0,0,1
810,0,3,26.0,0,0,7.8875,0,0,0,0,0,0,0,0,0,1,0,0,1
195,1,1,58.0,0,0,146.5208,80,0,1,0,0,0,0,0,0,0,1,0,0
484,1,1,25.0,1,0,91.0792,49,0,1,0,0,0,0,0,0,0,1,0,0
571,1,1,53.0,2,0,51.4792,101,0,0,1,0,0,0,0,0,0,0,0,1
350,0,3,23.0,0,0,9.225,0,0,0,0,0,0,0,0,0,1,0,0,1
252,0,1,62.0,0,0,26.55,87,0,0,1,0,0,0,0,0,0,0,0,1
297,0,1,2.0,1,2,151.55,22,0,0,1,0,0,0,0,0,0,0,0,1
881,0,3,33.0,0,0,7.8958,0,0,0,0,0,0,0,0,0,1,0,0,1
635,1,2,28.0,0,0,13.0,0,0,0,0,0,0,0,0,0,1,0,0,1
759,1,1,33.0,0,0,86.5,77,0,1,0,0,0,0,0,0,0,0,0,1
39,1,3,14.0,1,0,11.2417,0,0,0,0,0,0,0,0,0,1,1,0,0
33,0,2,66.0,0,0,10.5,0,0,0,0,0,0,0,0,0,1,0,0,1
278,0,3,7.0,4,1,29.125,0,0,0,0,0,0,0,0,0,1,0,1,0
856,1,1,45.0,1,1,164.8667,0,0,0,0,0,0,0,0,0,1,0,0,1
147,0,3,9.0,2,2,34.375,0,0,0,0,0,0,0,0,0,1,0,0,1
327,1,2,36.0,0,0,13.0,0,0,0,0,1,0,0,0,0,0,0,0,1
146,1,3,27.0,0,0,7.7958,0,0,0,0,0,0,0,0,0,1,0,0,1
320,0,3,22.0,0,0,7.25,0,0,0,0,0,0,0,0,0,1,0,0,1
725,0,3,20.0,0,0,8.6625,0,0,0,0,0,0,0,0,0,1,0,0,1
35,0,1,42.0,1,0,52.0,0,0,0,0,0,0,0,0,0,1,0,0,1
645,1,1,48.0,1,0,76.7292,33,0,0,0,1,0,0,0,0,0,1,0,0
69,0,3,26.0,2,0,8.6625,0,0,0,0,0,0,0,0,0,1,0,0,1
628,0,3,26.0,0,0,7.8958,0,0,0,0,0,0,0,0,0,1,0,0,1
400,1,3,39.0,0,0,7.925,0,0,0,0,0,0,0,0,0,1,0,0,1
249,0,2,54.0,1,0,26.0,0,0,0,0,0,0,0,0,0,1,0,0,1
823,1,3,27.0,0,1,12.475,121,0,0,0,0,1,0,0,0,0,0,0,1
508,0,3,28.0,0,0,22.525,0,0,0,0,0,0,0,0,0,1,0,0,1
521,0,3,22.0,0,0,7.8958,0,0,0,0,0,0,0,0,0,1,0,0,1
434,0,1,50.0,1,0,55.9,44,0,0,0,0,1,0,0,0,0,0,0,1
803,1,3,0.42,0,1,8.5167,0,0,0,0,0,0,0,0,0,1,1,0,0
717,1,2,27.0,0,0,10.5,101,0,0,0,0,1,0,0,0,0,0,0,1
654,0,3,18.0,0,0,6.75,0,0,0,0,0,0,0,0,0,1,0,1,0
78,1,2,0.83,0,2,29.0,0,0,0,0,0,0,0,0,0,1,0,0,1
316,1,2,24.0,1,0,26.0,0,0,0,0,0,0,0,0,0,1,0,0,1
30,0,1,40.0,0,0,27.7208,0,0,0,0,0,0,0,0,0,1,1,0,0
707,1,1,42.0,0,0,26.2875,24,0,0,0,0,1,0,0,0,0,0,0,1
239,0,2,33.0,0,0,12.275,0,0,0,0,0,0,0,0,0,1,0,0,1
124,0,1,54.0,0,1,77.2875,26,0,0,0,1,0,0,0,0,0,0,0,1
719,0,3,33.0,0,0,7.775,0,0,0,0,0,0,0,0,0,1,0,0,1
720,1,2,6.0,0,1,33.0,0,0,0,0,0,0,0,0,0,1,0,0,1
813,0,3,6.0,4,2,31.275,0,0,0,0,0,0,0,0,0,1,0,0,1
663,0,3,36.0,0,0,7.4958,0,0,0,0,0,0,0,0,0,1,0,0,1
607,1,1,27.0,0,0,30.5,0,0,0,0,0,0,0,0,0,1,0,0,1
556,1,1,48.0,1,0,39.6,16,1,0,0,0,0,0,0,0,0,1,0,0
27,0,1,19.0,3,2,263.0,23,0,0,1,0,0,0,0,0,0,0,0,1
383,1,1,35.0,1,0,52.0,0,0,0,0,0,0,0,0,0,1,0,0,1
595,0,3,36.0,1,1,24.15,0,0,0,0,0,0,0,0,0,1,0,0,1
780,1,3,13.0,0,0,7.2292,0,0,0,0,0,0,0,0,0,1,1,0,0
194,1,1,44.0,0,0,27.7208,4,0,1,0,0,0,0,0,0,0,1,0,0
769,0,3,32.0,0,0,8.3625,0,0,0,0,0,0,0,0,0,1,0,0,1
275,1,1,63.0,1,0,77.9583,7,0,0,0,1,0,0,0,0,0,0,0,1
750,1,2,4.0,1,1,23.0,0,0,0,0,0,0,0,0,0,1,0,0,1
503,0,3,37.0,0,0,9.5875,0,0,0,0,0,0,0,0,0,1,0,0,1
500,0,3,17.0,0,0,8.6625,0,0,0,0,0,0,0,0,0,1,0,0,1
88,1,1,23.0,3,2,263.0,23,0,0,1,0,0,0,0,0,0,0,0,1
835,1,1,39.0,1,1,83.1583,49,0,0,0,0,1,0,0,0,0,1,0,0
432,1,2,42.0,1,0,26.0,0,0,0,0,0,0,0,0,0,1,0,0,1
2,1,3,26.0,0,0,7.925,0,0,0,0,0,0,0,0,0,1,0,0,1
706,1,2,45.0,0,0,13.5,0,0,0,0,0,0,0,0,0,1,0,0,1
865,1,2,42.0,0,0,13.0,0,0,0,0,0,0,0,0,0,1,0,0,1
853,1,1,16.0,0,1,39.4,28,0,0,0,1,0,0,0,0,0,0,0,1
106,1,3,21.0,0,0,7.65,0,0,0,0,0,0,0,0,0,1,0,0,1
381,1,3,1.0,0,2,15.7417,0,0,0,0,0,0,0,0,0,1,1,0,0
827,1,2,1.0,0,2,37.0042,0,0,0,0,0,0,0,0,0,1,1,0,0
889,1,1,26.0,0,0,30.0,148,0,0,1,0,0,0,0,0,0,1,0,0
705,0,2,39.0,0,0,26.0,0,0,0,0,0,0,0,0,0,1,0,0,1
402,0,3,21.0,1,0,9.825,0,0,0,0,0,0,0,0,0,1,0,0,1
498,0,1,25.0,1,2,151.55,22,0,0,1,0,0,0,0,0,0,0,0,1
52,1,1,49.0,1,0,76.7292,33,0,0,0,1,0,0,0,0,0,1,0,0
703,0,3,25.0,0,0,7.7417,0,0,0,0,0,0,0,0,0,1,0,1,0
606,0,3,30.0,0,0,7.8958,0,0,0,0,0,0,0,0,0,1,0,0,1
658,0,2,23.0,0,0,13.0,0,0,0,0,0,0,0,0,0,1,0,0,1
11,1,1,58.0,0,0,26.55,103,0,0,1,0,0,0,0,0,0,0,0,1
528,0,3,39.0,0,0,7.925,0,0,0,0,0,0,0,0,0,1,0,0,1
372,0,3,19.0,0,0,8.05,0,0,0,0,0,0,0,0,0,1,0,0,1
84,1,2,17.0,0,0,10.5,0,0,0,0,0,0,0,0,0,1,0,0,1
41,0,2,27.0,1,0,21.0,0,0,0,0,0,0,0,0,0,1,0,0,1
572,1,1,36.0,0,0,26.3875,25,0,0,0,0,1,0,0,0,0,0,0,1
580,1,2,25.0,1,1,30.0,0,0,0,0,0,0,0,0,0,1,0,0,1
477,0,3,29.0,1,0,7.0458,0,0,0,0,0,0,0,0,0,1,0,0,1
800,0,2,34.0,0,0,13.0,0,0,0,0,0,0,0,0,0,1,0,0,1
592,0,3,47.0,0,0,7.25,0,0,0,0,0,0,0,0,0,1,0,0,1
748,0,1,19.0,1,0,53.1,30,0,0,0,1,0,0,0,0,0,0,0,1
852,0,3,9.0,1,1,15.2458,0,0,0,0,0,0,0,0,0,1,1,0,0
831,1,2,0.83,1,1,18.75,0,0,0,0,0,0,0,0,0,1,0,0,1
115,0,3,21.0,0,0,7.925,0,0,0,0,0,0,0,0,0,1,0,0,1
266,0,3,16.0,4,1,39.6875,0,0,0,0,0,0,0,0,0,1,0,0,1
565,0,3,24.0,2,0,24.15,0,0,0,0,0,0,0,0,0,1,0,0,1
474,0,3,22.0,0,0,9.8375,0,0,0,0,0,0,0,0,0,1,0,0,1
8,1,3,27.0,0,2,11.1333,0,0,0,0,0,0,0,0,0,1,0,0,1
452,0,1,30.0,0,0,27.75,111,0,0,1,0,0,0,0,0,0,1,0,0
702,0,3,18.0,0,1,14.4542,0,0,0,0,0,0,0,0,0,1,1,0,0
233,1,3,5.0,4,2,31.3875,0,0,0,0,0,0,0,0,0,1,0,0,1
631,0,3,51.0,0,0,7.0542,0,0,0,0,0,0,0,0,0,1,0,0,1
54,0,1,65.0,0,1,61.9792,30,0,1,0,0,0,0,0,0,0,1,0,0
472,1,2,33.0,1,2,27.75,0,0,0,0,0,0,0,0,0,1,0,0,1
216,1,3,27.0,0,0,7.925,0,0,0,0,0,0,0,0,0,1,0,0,1
786,1,3,18.0,0,0,7.4958,0,0,0,0,0,0,0,0,0,1,0,0,1
299,1,1,50.0,0,1,247.5208,58,0,1,0,0,0,0,0,0,0,1,0,0
676,0,3,24.5,0,0,8.05,0,0,0,0,0,0,0,0,0,1,0,0,1
876,0,3,20.0,0,0,9.8458,0,0,0,0,0,0,0,0,0,1,0,0,1
666,0,2,25.0,0,0,13.0,0,0,0,0,0,0,0,0,0,1,0,0,1
614,0,3,35.0,0,0,8.05,0,0,0,0,0,0,0,0,0,1,0,0,1
309,1,1,30.0,0,0,56.9292,36,0,0,0,0,1,0,0,0,0,1,0,0
74,1,3,32.0,0,0,56.4958,0,0,0,0,0,0,0,0,0,1,0,0,1
377,0,1,27.0,0,2,211.5,82,0,0,1,0,0,0,0,0,0,1,0,0
93,0,3,26.0,1,2,20.575,0,0,0,0,0,0,0,0,0,1,0,0,1
675,0,3,18.0,0,0,7.775,0,0,0,0,0,0,0,0,0,1,0,0,1
183,1,2,1.0,2,1,39.0,4,0,0,0,0,0,1,0,0,0,0,0,1
116,0,3,70.5,0,0,7.75,0,0,0,0,0,0,0,0,0,1,0,1,0
209,1,1,40.0,0,0,31.0,31,1,0,0,0,0,0,0,0,0,1,0,0
465,0,3,38.0,0,0,7.05,0,0,0,0,0,0,0,0,0,1,0,0,1
213,0,2,30.0,0,0,13.0,0,0,0,0,0,0,0,0,0,1,0,0,1
864,0,2,24.0,0,0,13.0,0,0,0,0,0,0,0,0,0,1,0,0,1
673,1,2,31.0,0,0,13.0,0,0,0,0,0,0,0,0,0,1,0,0,1
307,1,1,17.0,1,0,108.9,65,0,0,1,0,0,0,0,0,0,1,0,0
113,0,3,20.0,1,0,9.825,0,0,0,0,0,0,0,0,0,1,0,0,1
267,1,3,25.0,1,0,7.775,0,0,0,0,0,0,0,0,0,1,0,0,1
217,0,2,42.0,1,0,27.0,0,0,0,0,0,0,0,0,0,1,0,0,1
365,0,3,30.0,0,0,7.25,0,0,0,0,0,0,0,0,0,1,0,0,1
694,0,1,60.0,0,0,26.55,0,0,0,0,0,0,0,0,0,1,0,0,1
148,0,2,36.5,0,2,26.0,2,0,0,0,0,0,1,0,0,0,0,0,1
149,0,2,42.0,0,0,13.0,0,0,0,0,0,0,0,0,0,1,0,0,1
544,0,1,50.0,1,0,106.425,86,0,0,1,0,0,0,0,0,0,1,0,0
489,1,3,9.0,1,1,15.9,0,0,0,0,0,0,0,0,0,1,0,0,1
397,0,2,46.0,0,0,26.0,0,0,0,0,0,0,0,0,0,1,0,0,1
449,1,1,52.0,0,0,30.5,104,0,0,1,0,0,0,0,0,0,0,0,1
632,1,1,32.0,0,0,30.5,50,0,1,0,0,0,0,0,0,0,1,0,0
205,0,3,2.0,0,1,10.4625,6,0,0,0,0,0,0,1,0,0,0,0,1
144,0,2,18.0,0,0,11.5,0,0,0,0,0,0,0,0,0,1,0,0,1
200,0,3,28.0,0,0,9.5,0,0,0,0,0,0,0,0,0,1,0,0,1
190,1,2,32.0,0,0,13.0,0,0,0,0,0,0,0,0,0,1,0,0,1
861,0,2,21.0,1,0,11.5,0,0,0,0,0,0,0,0,0,1,0,0,1
668,0,3,43.0,0,0,8.05,0,0,0,0,0,0,0,0,0,1,0,0,1
40,0,3,40.0,1,0,9.475,0,0,0,0,0,0,0,0,0,1,0,0,1
487,0,1,58.0,0,0,29.7,37,0,1,0,0,0,0,0,0,0,1,0,0
23,1,1,28.0,0,0,35.5,6,1,0,0,0,0,0,0,0,0,0,0,1
143,0,3,19.0,0,0,6.75,0,0,0,0,0,0,0,0,0,1,0,1,0
850,0,3,4.0,4,2,31.275,0,0,0,0,0,0,0,0,0,1,0,0,1
0,0,3,22.0,1,0,7.25,0,0,0,0,0,0,0,0,0,1,0,0,1
407,1,2,3.0,1,1,18.75,0,0,0,0,0,0,0,0,0,1,0,0,1
799,0,3,30.0,1,1,24.15,0,0,0,0,0,0,0,0,0,1,0,0,1
679,1,1,36.0,0,1,512.3292,51,0,1,0,0,0,0,0,0,0,1,0,0
322,1,2,30.0,0,0,12.35,0,0,0,0,0,0,0,0,0,1,0,1,0
857,1,1,51.0,0,0,26.55,17,0,0,0,0,1,0,0,0,0,0,0,1
393,1,1,23.0,1,0,113.275,36,0,0,0,1,0,0,0,0,0,1,0,0
755,1,2,0.67,1,1,14.5,0,0,0,0,0,0,0,0,0,1,0,0,1
170,0,1,61.0,0,0,33.5,19,0,1,0,0,0,0,0,0,0,0,0,1
562,0,2,28.0,0,0,13.5,0,0,0,0,0,0,0,0,0,1,0,0,1
4,0,3,35.0,0,0,8.05,0,0,0,0,0,0,0,0,0,1,0,0,1
670,1,2,40.0,1,1,39.0,0,0,0,0,0,0,0,0,0,1,0,0,1
403,0,3,28.0,1,0,15.85,0,0,0,0,0,0,0,0,0,1,0,0,1
412,1,1,33.0,1,0,90.0,78,0,0,1,0,0,0,0,0,0,0,1,0
757,0,2,18.0,0,0,11.5,0,0,0,0,0,0,0,0,0,1,0,0,1
373,0,1,22.0,0,0,135.6333,0,0,0,0,0,0,0,0,0,1,1,0,0
104,0,3,37.0,2,0,7.925,0,0,0,0,0,0,0,0,0,1,0,0,1
716,1,1,38.0,0,0,227.525,45,0,0,1,0,0,0,0,0,0,1,0,0
34,0,1,28.0,1,0,82.1708,0,0,0,0,0,0,0,0,0,1,1,0,0
529,0,2,23.0,2,1,11.5,0,0,0,0,0,0,0,0,0,1,0,0,1
269,1,1,35.0,0,0,135.6333,99,0,0,1,0,0,0,0,0,0,0,0,1
754,1,2,48.0,1,2,65.0,0,0,0,0,0,0,0,0,0,1,0,0,1
461,0,3,34.0,0,0,8.05,0,0,0,0,0,0,0,0,0,1,0,0,1
566,0,3,19.0,0,0,7.8958,0,0,0,0,0,0,0,0,0,1,0,0,1
473,1,2,23.0,0,0,13.7917,0,0,0,0,1,0,0,0,0,0,1,0,0
187,1,1,45.0,0,0,26.55,0,0,0,0,0,0,0,0,0,1,0,0,1
15,1,2,55.0,0,0,16.0,0,0,0,0,0,0,0,0,0,1,0,0,1
218,1,1,32.0,0,0,76.2917,15,0,0,0,1,0,0,0,0,0,1,0,0
112,0,3,22.0,0,0,8.05,0,0,0,0,0,0,0,0,0,1,0,0,1
208,1,3,16.0,0,0,7.75,0,0,0,0,0,0,0,0,0,1,0,1,0
798,0,3,30.0,0,0,7.2292,0,0,0,0,0,0,0,0,0,1,1,0,0
419,0,3,10.0,0,2,24.15,0,0,0,0,0,0,0,0,0,1,0,0,1
79,1,3,30.0,0,0,12.475,0,0,0,0,0,0,0,0,0,1,0,0,1
883,0,2,28.0,0,0,10.5,0,0,0,0,0,0,0,0,0,1,0,0,1
597,0,3,49.0,0,0,0.0,0,0,0,0,0,0,0,0,0,1,0,0,1
207,1,3,26.0,0,0,18.7875,0,0,0,0,0,0,0,0,0,1,1,0,0
442,0,3,25.0,1,0,7.775,0,0,0,0,0,0,0,0,0,1,0,0,1
830,1,3,15.0,1,0,14.4542,0,0,0,0,0,0,0,0,0,1,1,0,0
366,1,1,60.0,1,0,75.25,37,0,0,0,1,0,0,0,0,0,1,0,0
56,1,2,21.0,0,0,10.5,0,0,0,0,0,0,0,0,0,1,0,0,1
408,0,3,21.0,0,0,7.775,0,0,0,0,0,0,0,0,0,1,0,0,1
791,0,2,16.0,0,0,26.0,0,0,0,0,0,0,0,0,0,1,0,0,1
103,0,3,33.0,0,0,8.6542,0,0,0,0,0,0,0,0,0,1,0,0,1
617,0,3,26.0,1,0,16.1,0,0,0,0,0,0,0,0,0,1,0,0,1
37,0,3,21.0,0,0,8.05,0,0,0,0,0,0,0,0,0,1,0,0,1
488,0,3,30.0,0,0,8.05,0,0,0,0,0,0,0,0,0,1,0,0,1
530,1,2,2.0,1,1,26.0,0,0,0,0,0,0,0,0,0,1,0,0,1
811,0,3,39.0,0,0,24.15,0,0,0,0,0,0,0,0,0,1,0,0,1
318,1,1,31.0,0,2,164.8667,7,0,0,1,0,0,0,0,0,0,0,0,1
558,1,1,39.0,1,1,79.65,67,0,0,0,0,1,0,0,0,0,0,0,1
392,0,3,28.0,2,0,7.925,0,0,0,0,0,0,0,0,0,1,0,0,1
110,0,1,47.0,0,0,52.0,110,0,0,1,0,0,0,0,0,0,0,0,1
83,0,1,28.0,0,0,47.1,0,0,0,0,0,0,0,0,0,1,0,0,1
866,1,2,27.0,1,0,13.8583,0,0,0,0,0,0,0,0,0,1,1,0,0
171,0,3,4.0,4,1,29.125,0,0,0,0,0,0,0,0,0,1,0,1,0
141,1,3,22.0,0,0,7.75,0,0,0,0,0,0,0,0,0,1,0,0,1
243,0,3,22.0,0,0,7.125,0,0,0,0,0,0,0,0,0,1,0,0,1
426,1,2,28.0,1,0,26.0,0,0,0,0,0,0,0,0,0,1,0,0,1
222,0,3,51.0,0,0,8.05,0,0,0,0,0,0,0,0,0,1,0,0,1
58,1,2,5.0,1,2,27.75,0,0,0,0,0,0,0,0,0,1,0,0,1
660,1,1,50.0,2,0,133.65,0,0,0,0,0,0,0,0,0,1,0,0,1
435,1,1,14.0,1,2,120.0,96,0,1,0,0,0,0,0,0,0,0,0,1
479,1,3,2.0,0,1,12.2875,0,0,0,0,0,0,0,0,0,1,0,0,1
369,1,1,24.0,0,0,69.3,35,0,1,0,0,0,0,0,0,0,1,0,0
162,0,3,26.0,0,0,7.775,0,0,0,0,0,0,0,0,0,1,0,0,1
804,1,3,27.0,0,0,6.975,0,0,0,0,0,0,0,0,0,1,0,0,1
808,0,2,39.0,0,0,13.0,0,0,0,0,0,0,0,0,0,1,0,0,1
272,1,2,41.0,0,1,19.5,0,0,0,0,0,0,0,0,0,1,0,0,1
123,1,2,32.5,0,0,13.0,101,0,0,0,0,1,0,0,0,0,0,0,1
155,0,1,51.0,0,1,61.3792,0,0,0,0,0,0,0,0,0,1,1,0,0
845,0,3,42.0,0,0,7.55,0,0,0,0,0,0,0,0,0,1,0,0,1
282,0,3,16.0,0,0,9.5,0,0,0,0,0,0,0,0,0,1,0,0,1
221,0,2,27.0,0,0,13.0,0,0,0,0,0,0,0,0,0,1,0,0,1
847,0,3,35.0,0,0,7.8958,0,0,0,0,0,0,0,0,0,1,1,0,0
860,0,3,41.0,2,0,14.1083,0,0,0,0,0,0,0,0,0,1,0,0,1
844,0,3,17.0,0,0,8.6625,0,0,0,0,0,0,0,0,0,1,0,0,1
536,0,1,45.0,0,0,26.55,38,0,1,0,0,0,0,0,0,0,0,0,1
132,0,3,47.0,1,0,14.5,0,0,0,0,0,0,0,0,0,1,0,0,1
105,0,3,28.0,0,0,7.8958,0,0,0,0,0,0,0,0,0,1,0,0,1
736,0,3,48.0,1,3,34.375,0,0,0,0,0,0,0,0,0,1,0,0,1
762,1,3,20.0,0,0,7.2292,0,0,0,0,0,0,0,0,0,1,1,0,0
467,0,1,56.0,0,0,26.55,0,0,0,0,0,0,0,0,0,1,0,0,1
329,1,1,16.0,0,1,57.9792,18,0,1,0,0,0,0,0,0,0,1,0,0
534,0,3,30.0,0,0,8.6625,0,0,0,0,0,0,0,0,0,1,0,0,1
422,0,3,29.0,0,0,7.875,0,0,0,0,0,0,0,0,0,1,0,0,1
480,0,3,9.0,5,2,46.9,0,0,0,0,0,0,0,0,0,1,0,0,1
283,1,3,19.0,0,0,8.05,0,0,0,0,0,0,0,0,0,1,0,0,1
378,0,3,20.0,0,0,4.0125,0,0,0,0,0,0,0,0,0,1,1,0,0
549,1,2,8.0,1,1,36.75,0,0,0,0,0,0,0,0,0,1,0,0,1
343,0,2,25.0,0,0,13.0,0,0,0,0,0,0,0,0,0,1,0,0,1
157,0,3,30.0,0,0,8.05,0,0,0,0,0,0,0,0,0,1,0,0,1
887,1,1,19.0,0,0,30.0,42,0,1,0,0,0,0,0,0,0,0,0,1
328,1,3,31.0,1,1,20.525,0,0,0,0,0,0,0,0,0,1,0,0,1
796,1,1,49.0,0,0,25.9292,17,0,0,0,1,0,0,0,0,0,0,0,1
248,1,1,37.0,1,1,52.5542,35,0,0,0,1,0,0,0,0,0,0,0,1
317,0,2,54.0,0,0,14.0,0,0,0,0,0,0,0,0,0,1,0,0,1
215,1,1,31.0,1,0,113.275,36,0,0,0,1,0,0,0,0,0,1,0,0
294,0,3,24.0,0,0,7.8958,0,0,0,0,0,0,0,0,0,1,0,0,1
50,0,3,7.0,4,1,39.6875,0,0,0,0,0,0,0,0,0,1,0,0,1
174,0,1,56.0,0,0,30.6958,7,1,0,0,0,0,0,0,0,0,1,0,0
380,1,1,42.0,0,0,227.525,0,0,0,0,0,0,0,0,0,1,1,0,0
333,0,3,16.0,2,0,18.0,0,0,0,0,0,0,0,0,0,1,0,0,1
401,0,3,26.0,0,0,8.05,0,0,0,0,0,0,0,0,0,1,0,0,1
807,0,3,18.0,0,0,7.775,0,0,0,0,0,0,0,0,0,1,0,0,1
652,0,3,21.0,0,0,8.4333,0,0,0,0,0,0,0,0,0,1,0,0,1
265,0,2,36.0,0,0,10.5,0,0,0,0,0,0,0,0,0,1,0,0,1
483,1,3,63.0,0,0,9.5875,0,0,0,0,0,0,0,0,0,1,0,0,1
247,1,2,24.0,0,2,14.5,0,0,0,0,0,0,0,0,0,1,0,0,1
510,1,3,29.0,0,0,7.75,0,0,0,0,0,0,0,0,0,1,0,1,0
443,1,2,28.0,0,0,13.0,0,0,0,0,0,0,0,0,0,1,0,0,1
672,0,2,70.0,0,0,10.5,0,0,0,0,0,0,0,0,0,1,0,0,1
509,1,3,26.0,0,0,56.4958,0,0,0,0,0,0,0,0,0,1,0,0,1
16,0,3,2.0,4,1,29.125,0,0,0,0,0,0,0,0,0,1,0,1,0
206,0,3,32.0,1,0,15.85,0,0,0,0,0,0,0,0,0,1,0,0,1
712,1,1,48.0,1,0,52.0,126,0,0,1,0,0,0,0,0,0,0,0,1
379,0,3,19.0,0,0,7.775,0,0,0,0,0,0,0,0,0,1,0,0,1
302,0,3,19.0,0,0,0.0,0,0,0,0,0,0,0,0,0,1,0,0,1
429,1,3,32.0,0,0,8.05,10,0,0,0,0,1,0,0,0,0,0,0,1
51,0,3,21.0,0,0,7.8,0,0,0,0,0,0,0,0,0,1,0,0,1
486,1,1,35.0,1,0,90.0,93,0,0,1,0,0,0,0,0,0,0,0,1
764,0,3,16.0,0,0,7.775,0,0,0,0,0,0,0,0,0,1,0,0,1
257,1,1,30.0,0,0,86.5,77,0,1,0,0,0,0,0,0,0,0,0,1
371,0,3,18.0,1,0,6.4958,0,0,0,0,0,0,0,0,0,1,0,0,1
779,1,1,43.0,0,1,211.3375,3,0,1,0,0,0,0,0,0,0,0,0,1
690,1,1,31.0,1,0,57.0,20,0,1,0,0,0,0,0,0,0,0,0,1
96,0,1,71.0,0,0,34.6542,5,1,0,0,0,0,0,0,0,0,1,0,0
119,0,3,2.0,4,2,31.275,0,0,0,0,0,0,0,0,0,1,0,0,1
133,1,2,29.0,1,0,26.0,0,0,0,0,0,0,0,0,0,1,0,0,1
588,0,3,22.0,0,0,8.05,0,0,0,0,0,0,0,0,0,1,0,0,1
834,0,3,18.0,0,0,8.3,0,0,0,0,0,0,0,0,0,1,0,0,1
18,0,3,31.0,1,0,18.0,0,0,0,0,0,0,0,0,0,1,0,0,1
554,1,3,22.0,0,0,7.775,0,0,0,0,0,0,0,0,0,1,0,0,1
117,0,2,29.0,1,0,21.0,0,0,0,0,0,0,0,0,0,1,0,0,1
114,0,3,17.0,0,0,14.4583,0,0,0,0,0,0,0,0,0,1,1,0,0
389,1,2,17.0,0,0,12.0,0,0,0,0,0,0,0,0,0,1,1,0,0
499,0,3,24.0,0,0,7.7958,0,0,0,0,0,0,0,0,0,1,0,0,1
570,1,2,62.0,0,0,10.5,0,0,0,0,0,0,0,0,0,1,0,0,1
255,1,3,29.0,0,2,15.2458,0,0,0,0,0,0,0,0,0,1,1,0,0
131,0,3,20.0,0,0,7.05,0,0,0,0,0,0,0,0,0,1,0,0,1
296,0,3,23.5,0,0,7.2292,0,0,0,0,0,0,0,0,0,1,1,0,0
869,1,3,4.0,1,1,11.1333,0,0,0,0,0,0,0,0,0,1,0,0,1
543,1,2,32.0,1,0,26.0,0,0,0,0,0,0,0,0,0,1,0,0,1
310,1,1,24.0,0,0,83.1583,54,0,0,1,0,0,0,0,0,0,1,0,0
539,1,1,22.0,0,2,49.5,39,0,1,0,0,0,0,0,0,0,1,0,0
634,0,3,9.0,3,2,27.9,0,0,0,0,0,0,0,0,0,1,0,0,1
199,0,2,24.0,0,0,13.0,0,0,0,0,0,0,0,0,0,1,0,0,1
405,0,2,34.0,1,0,21.0,0,0,0,0,0,0,0,0,0,1,0,0,1
167,0,3,45.0,1,4,27.9,0,0,0,0,0,0,0,0,0,1,0,0,1
753,0,3,23.0,0,0,7.8958,0,0,0,0,0,0,0,0,0,1,0,0,1
877,0,3,19.0,0,0,7.8958,0,0,0,0,0,0,0,0,0,1,0,0,1
448,1,3,5.0,2,1,19.2583,0,0,0,0,0,0,0,0,0,1,1,0,0
574,0,3,16.0,0,0,8.05,0,0,0,0,0,0,0,0,0,1,0,0,1
21,1,2,34.0,0,0,13.0,56,0,0,0,1,0,0,0,0,0,0,0,1
619,0,2,26.0,0,0,10.5,0,0,0,0,0,0,0,0,0,1,0,0,1
151,1,1,22.0,1,0,66.6,2,0,0,1,0,0,0,0,0,0,0,0,1
785,0,3,25.0,0,0,7.25,0,0,0,0,0,0,0,0,0,1,0,0,1
189,0,3,36.0,0,0,7.8958,0,0,0,0,0,0,0,0,0,1,0,0,1
756,0,3,28.0,0,0,7.7958,0,0,0,0,0,0,0,0,0,1,0,0,1
342,0,2,28.0,0,0,13.0,0,0,0,0,0,0,0,0,0,1,0,0,1
546,1,2,19.0,1,0,26.0,0,0,0,0,0,0,0,0,0,1,0,0,1
376,1,3,22.0,0,0,7.25,0,0,0,0,0,0,0,0,0,1,0,0,1
797,1,3,31.0,0,0,8.6833,0,0,0,0,0,0,0,0,0,1,0,0,1
390,1,1,36.0,1,2,120.0,96,0,1,0,0,0,0,0,0,0,0,0,1
682,0,3,20.0,0,0,9.225,0,0,0,0,0,0,0,0,0,1,0,0,1
747,1,2,30.0,0,0,13.0,0,0,0,0,0,0,0,0,0,1,0,0,1
336,0,1,29.0,1,0,66.6,2,0,0,1,0,0,0,0,0,0,0,0,1
44,1,3,19.0,0,0,7.8792,0,0,0,0,0,0,0,0,0,1,0,1,0
226,1,2,19.0,0,0,10.5,0,0,0,0,0,0,0,0,0,1,0,0,1
230,1,1,35.0,1,0,83.475,83,0,0,1,0,0,0,0,0,0,0,0,1
512,1,1,36.0,0,0,26.2875,25,0,0,0,0,1,0,0,0,0,0,0,1
258,1,1,35.0,0,0,512.3292,0,0,0,0,0,0,0,0,0,1,1,0,0
625,0,1,61.0,0,0,32.3208,50,0,0,0,1,0,0,0,0,0,0,0,1
120,0,2,21.0,2,0,73.5,0,0,0,0,0,0,0,0,0,1,0,0,1
770,0,3,24.0,0,0,9.5,0,0,0,0,0,0,0,0,0,1,0,0,1
693,0,3,25.0,0,0,7.225,0,0,0,0,0,0,0,0,0,1,1,0,0
441,0,3,20.0,0,0,9.5,0,0,0,0,0,0,0,0,0,1,0,0,1
623,0,3,21.0,0,0,7.8542,0,0,0,0,0,0,0,0,0,1,0,0,1
478,0,3,22.0,0,0,7.5208,0,0,0,0,0,0,0,0,0,1,0,0,1
609,1,1,40.0,0,0,153.4625,125,0,0,1,0,0,0,0,0,0,0,0,1
516,1,2,34.0,0,0,10.5,33,0,0,0,0,0,1,0,0,0,0,0,1
152,0,3,55.5,0,0,8.05,0,0,0,0,0,0,0,0,0,1,0,0,1
462,0,1,47.0,0,0,38.5,63,0,0,0,0,1,0,0,0,0,0,0,1
726,1,2,30.0,3,0,21.0,0,0,0,0,0,0,0,0,0,1,0,0,1
733,0,2,23.0,0,0,13.0,0,0,0,0,0,0,0,0,0,1,0,0,1
677,1,3,18.0,0,0,9.8417,0,0,0,0,0,0,0,0,0,1,0,0,1
455,1,3,29.0,0,0,7.8958,0,0,0,0,0,0,0,0,0,1,1,0,0
102,0,1,21.0,0,1,77.2875,26,0,0,0,1,0,0,0,0,0,0,0,1
438,0,1,64.0,1,4,263.0,23,0,0,1,0,0,0,0,0,0,0,0,1
81,1,3,29.0,0,0,9.5,0,0,0,0,0,0,0,0,0,1,0,0,1
704,0,3,26.0,1,0,7.8542,0,0,0,0,0,0,0,0,0,1,0,0,1
315,1,3,26.0,0,0,7.8542,0,0,0,0,0,0,0,0,0,1,0,0,1
156,1,3,16.0,0,0,7.7333,0,0,0,0,0,0,0,0,0,1,0,1,0
715,0,3,19.0,0,0,7.65,0,0,0,0,0,0,1,0,0,0,0,0,1
713,0,3,29.0,0,0,9.4833,0,0,0,0,0,0,0,0,0,1,0,0,1
872,0,1,33.0,0,0,5.0,51,0,1,0,0,0,0,0,0,0,0,0,1
743,0,3,24.0,1,0,16.1,0,0,0,0,0,0,0,0,0,1,0,0,1
814,0,3,30.5,0,0,8.05,0,0,0,0,0,0,0,0,0,1,0,0,1
525,0,3,40.5,0,0,7.75,0,0,0,0,0,0,0,0,0,1,0,1,0
665,0,2,32.0,2,0,73.5,0,0,0,0,0,0,0,0,0,1,0,0,1
89,0,3,24.0,0,0,8.05,0,0,0,0,0,0,0,0,0,1,0,0,1
100,0,3,28.0,0,0,7.8958,0,0,0,0,0,0,0,0,0,1,0,0,1
134,0,2,25.0,0,0,13.0,0,0,0,0,0,0,0,0,0,1,0,0,1
884,0,3,25.0,0,0,7.05,0,0,0,0,0,0,0,0,0,1,0,0,1
874,1,2,28.0,1,0,24.0,0,0,0,0,0,0,0,0,0,1,1,0,0
774,1,2,54.0,1,3,23.0,0,0,0,0,0,0,0,0,0,1,0,0,1
824,0,3,2.0,4,1,39.6875,0,0,0,0,0,0,0,0,0,1,0,0,1
698,0,1,49.0,1,1,110.8833,68,0,0,1,0,0,0,0,0,0,1,0,0
622,1,3,20.0,1,1,15.7417,0,0,0,0,0,0,0,0,0,1,1,0,0
875,1,3,15.0,0,0,7.225,0,0,0,0,0,0,0,0,0,1,1,0,0
752,0,3,33.0,0,0,9.5,0,0,0,0,0,0,0,0,0,1,0,0,1
453,1,1,49.0,1,0,89.1042,92,0,0,1,0,0,0,0,0,0,1,0,0
91,0,3,20.0,0,0,7.8542,0,0,0,0,0,0,0,0,0,1,0,0,1
203,0,3,45.5,0,0,7.225,0,0,0,0,0,0,0,0,0,1,1,0,0
12,0,3,20.0,0,0,8.05,0,0,0,0,0,0,0,0,0,1,0,0,1
182,0,3,9.0,4,2,31.3875,0,0,0,0,0,0,0,0,0,1,0,0,1
657,0,3,32.0,1,1,15.5,0,0,0,0,0,0,0,0,0,1,0,1,0
540,1,1,36.0,0,2,71.0,22,0,1,0,0,0,0,0,0,0,0,0,1
220,1,3,16.0,0,0,8.05,0,0,0,0,0,0,0,0,0,1,0,0,1
555,0,1,62.0,0,0,26.55,0,0,0,0,0,0,0,0,0,1,0,0,1
661,0,3,40.0,0,0,7.225,0,0,0,0,0,0,0,0,0,1,1,0,0
775,0,3,18.0,0,0,7.75,0,0,0,0,0,0,0,0,0,1,0,0,1
833,0,3,23.0,0,0,7.8542,0,0,0,0,0,0,0,0,0,1,0,0,1
288,1,2,42.0,0,0,13.0,0,0,0,0,0,0,0,0,0,1,0,0,1
262,0,1,52.0,1,1,79.65,67,0,0,0,0,1,0,0,0,0,0,0,1
179,0,3,36.0,0,0,0.0,0,0,0,0,0,0,0,0,0,1,0,0,1
659,0,1,58.0,0,2,113.275,48,0,0,0,1,0,0,0,0,0,1,0,0
882,0,3,22.0,0,0,10.5167,0,0,0,0,0,0,0,0,0,1,0,0,1
374,0,3,3.0,3,1,21.075,0,0,0,0,0,0,0,0,0,1,0,0,1
541,0,3,9.0,4,2,31.275,0,0,0,0,0,0,0,0,0,1,0,0,1
818,0,3,43.0,0,0,6.45,0,0,0,0,0,0,0,0,0,1,0,0,1
9,1,2,14.0,1,0,30.0708,0,0,0,0,0,0,0,0,0,1,1,0,0
197,0,3,42.0,0,1,8.4042,0,0,0,0,0,0,0,0,0,1,0,0,1
683,0,3,14.0,5,2,46.9,0,0,0,0,0,0,0,0,0,1,0,0,1
641,1,1,24.0,0,0,69.3,35,0,1,0,0,0,0,0,0,0,1,0,0
550,1,1,17.0,0,2,110.8833,70,0,0,1,0,0,0,0,0,0,1,0,0
332,0,1,38.0,0,1,153.4625,91,0,0,1,0,0,0,0,0,0,0,0,1
583,0,1,36.0,0,0,40.125,10,1,0,0,0,0,0,0,0,0,1,0,0
423,0,3,28.0,1,1,14.4,0,0,0,0,0,0,0,0,0,1,0,0,1
319,1,1,40.0,1,1,134.5,34,0,0,0,0,1,0,0,0,0,1,0,0
723,0,2,50.0,0,0,13.0,0,0,0,0,0,0,0,0,0,1,0,0,1
838,1,3,32.0,0,0,56.4958,0,0,0,0,0,0,0,0,0,1,0,0,1
259,1,2,50.0,0,1,26.0,0,0,0,0,0,0,0,0,0,1,0,0,1
360,0,3,40.0,1,4,27.9,0,0,0,0,0,0,0,0,0,1,0,0,1
1,1,1,38.0,1,0,71.2833,85,0,0,1,0,0,0,0,0,0,1,0,0
427,1,2,19.0,0,0,26.0,0,0,0,0,0,0,0,0,0,1,0,0,1
337,1,1,41.0,0,0,134.5,40,0,0,0,0,1,0,0,0,0,1,0,0
331,0,1,45.5,0,0,28.5,124,0,0,1,0,0,0,0,0,0,0,0,1
730,1,1,29.0,0,0,211.3375,5,0,1,0,0,0,0,0,0,0,0,0,1
836,0,3,21.0,0,0,8.6625,0,0,0,0,0,0,0,0,0,1,0,0,1
122,0,2,32.5,1,0,30.0708,0,0,0,0,0,0,0,0,0,1,1,0,0
855,1,3,18.0,0,1,9.35,0,0,0,0,0,0,0,0,0,1,0,0,1
57,0,3,28.5,0,0,7.2292,0,0,0,0,0,0,0,0,0,1,1,0,0
722,0,2,34.0,0,0,13.0,0,0,0,0,0,0,0,0,0,1,0,0,1
880,1,2,25.0,0,1,26.0,0,0,0,0,0,0,0,0,0,1,0,0,1
746,0,3,16.0,1,1,20.25,0,0,0,0,0,0,0,0,0,1,0,0,1
60,0,3,22.0,0,0,7.2292,0,0,0,0,0,0,0,0,0,1,1,0,0
204,1,3,18.0,0,0,8.05,0,0,0,0,0,0,0,0,0,1,0,0,1
361,0,2,29.0,1,0,27.7208,0,0,0,0,0,0,0,0,0,1,1,0,0
806,0,1,39.0,0,0,0.0,36,1,0,0,0,0,0,0,0,0,0,0,1
842,1,1,30.0,0,0,31.0,0,0,0,0,0,0,0,0,0,1,1,0,0
724,1,1,27.0,1,0,53.1,8,0,0,0,0,1,0,0,0,0,0,0,1
394,1,3,24.0,0,2,16.7,6,0,0,0,0,0,0,1,0,0,0,0,1
287,0,3,22.0,0,0,7.8958,0,0,0,0,0,0,0,0,0,1,0,0,1
737,1,1,35.0,0,0,512.3292,101,0,1,0,0,0,0,0,0,0,1,0,0
99,0,2,34.0,1,0,26.0,0,0,0,0,0,0,0,0,0,1,0,0,1
858,1,3,24.0,0,3,19.2583,0,0,0,0,0,0,0,0,0,1,1,0,0
311,1,1,18.0,2,2,262.375,57,0,1,0,0,0,0,0,0,0,1,0,0
605,0,3,36.0,1,0,15.55,0,0,0,0,0,0,0,0,0,1,0,0,1
111,0,3,14.5,1,0,14.4542,0,0,0,0,0,0,0,0,0,1,1,0,0
594,0,2,37.0,1,0,26.0,0,0,0,0,0,0,0,0,0,1,0,0,1
281,0,3,28.0,0,0,7.8542,0,0,0,0,0,0,0,0,0,1,0,0,1
414,1,3,44.0,0,0,7.925,0,0,0,0,0,0,0,0,0,1,0,0,1
290,1,1,26.0,0,0,78.85,0,0,0,0,0,0,0,0,0,1,0,0,1
742,1,1,21.0,2,2,262.375,57,0,1,0,0,0,0,0,0,0,1,0,0
604,1,1,35.0,0,0,26.55,0,0,0,0,0,0,0,0,0,1,1,0,0
794,0,3,25.0,0,0,7.8958,0,0,0,0,0,0,0,0,0,1,0,0,1
532,0,3,17.0,1,1,7.2292,0,0,0,0,0,0,0,0,0,1,1,0,0
227,0,3,20.5,0,0,7.25,0,0,0,0,0,0,0,0,0,1,0,0,1
416,1,2,34.0,1,1,32.5,0,0,0,0,0,0,0,0,0,1,0,0,1
553,1,3,22.0,0,0,7.225,0,0,0,0,0,0,0,0,0,1,1,0,0
67,0,3,19.0,0,0,8.1583,0,0,0,0,0,0,0,0,0,1,0,0,1
6,0,1,54.0,0,0,51.8625,46,0,0,0,0,1,0,0,0,0,0,0,1
671,0,1,31.0,1,0,52.0,71,0,1,0,0,0,0,0,0,0,0,0,1
291,1,1,19.0,1,0,91.0792,49,0,1,0,0,0,0,0,0,0,1,0,0
618,1,2,4.0,2,1,39.0,4,0,0,0,0,0,1,0,0,0,0,0,1
801,1,2,31.0,1,1,26.25,0,0,0,0,0,0,0,0,0,1,0,0,1
630,1,1,80.0,0,0,30.0,23,1,0,0,0,0,0,0,0,0,0,0,1
135,0,2,23.0,0,0,15.0458,0,0,0,0,0,0,0,0,0,1,1,0,0
559,1,3,36.0,1,0,17.4,0,0,0,0,0,0,0,0,0,1,0,0,1
620,0,3,27.0,1,0,14.4542,0,0,0,0,0,0,0,0,0,1,1,0,0
13,0,3,39.0,1,5,31.275,0,0,0,0,0,0,0,0,0,1,0,0,1
237,1,2,8.0,0,2,26.25,0,0,0,0,0,0,0,0,0,1,0,0,1
352,0,3,15.0,1,1,7.2292,0,0,0,0,0,0,0,0,0,1,1,0,0
38,0,3,18.0,2,0,18.0,0,0,0,0,0,0,0,0,0,1,0,0,1
212,0,3,22.0,0,0,7.25,0,0,0,0,0,0,0,0,0,1,0,0,1
225,0,3,22.0,0,0,9.35,0,0,0,0,0,0,0,0,0,1,0,0,1
129,0,3,45.0,0,0,6.975,0,0,0,0,0,0,0,0,0,1,0,0,1
246,0,3,25.0,0,0,7.775,0,0,0,0,0,0,0,0,0,1,0,0,1
627,1,1,21.0,0,0,77.9583,9,0,0,0,1,0,0,0,0,0,0,0,1
862,1,1,48.0,0,0,25.9292,17,0,0,0,1,0,0,0,0,0,0,0,1
469,1,3,0.75,2,1,19.2583,0,0,0,0,0,0,0,0,0,1,1,0,0
788,1,3,1.0,1,2,20.575,0,0,0,0,0,0,0,0,0,1,0,0,1
582,0,2,54.0,0,0,26.0,0,0,0,0,0,0,0,0,0,1,0,0,1
520,1,1,30.0,0,0,93.5,73,0,1,0,0,0,0,0,0,0,0,0,1
164,0,3,1.0,4,1,39.6875,0,0,0,0,0,0,0,0,0,1,0,0,1
53,1,2,29.0,1,0,26.0,0,0,0,0,0,0,0,0,0,1,0,0,1
548,0,3,33.0,1,1,20.525,0,0,0,0,0,0,0,0,0,1,0,0,1
268,1,1,58.0,0,1,153.4625,125,0,0,1,0,0,0,0,0,0,0,0,1
701,1,1,35.0,0,0,26.2875,24,0,0,0,0,1,0,0,0,0,0,0,1
714,0,2,52.0,0,0,13.0,0,0,0,0,0,0,0,0,0,1,0,0,1
603,0,3,44.0,0,0,8.05,0,0,0,0,0,0,0,0,0,1,0,0,1
577,1,1,39.0,1,0,55.9,44,0,0,0,0,1,0,0,0,0,0,0,1
325,1,1,36.0,0,0,135.6333,32,0,0,1,0,0,0,0,0,0,1,0,0
49,0,3,18.0,1,0,17.8,0,0,0,0,0,0,0,0,0,1,0,0,1
387,1,2,36.0,0,0,13.0,0,0,0,0,0,0,0,0,0,1,0,0,1
344,0,2,36.0,0,0,13.0,0,0,0,0,0,0,0,0,0,1,0,0,1
782,0,1,29.0,0,0,30.0,6,0,0,0,1,0,0,0,0,0,0,0,1
494,0,3,21.0,0,0,8.05,0,0,0,0,0,0,0,0,0,1,0,0,1
136,1,1,19.0,0,2,26.2833,47,0,0,0,1,0,0,0,0,0,0,0,1
840,0,3,20.0,0,0,7.925,0,0,0,0,0,0,0,0,0,1,0,0,1
664,1,3,20.0,1,0,7.925,0,0,0,0,0,0,0,0,0,1,0,0,1
63,0,3,4.0,3,2,27.9,0,0,0,0,0,0,0,0,0,1,0,0,1
253,0,3,30.0,1,0,16.1,0,0,0,0,0,0,0,0,0,1,0,0,1
820,1,1,52.0,1,1,93.5,69,0,1,0,0,0,0,0,0,0,0,0,1
795,0,2,39.0,0,0,13.0,0,0,0,0,0,0,0,0,0,1,0,0,1
24,0,3,8.0,3,1,21.075,0,0,0,0,0,0,0,0,0,1,0,0,1
506,1,2,33.0,0,2,26.0,0,0,0,0,0,0,0,0,0,1,0,0,1
108,0,3,38.0,0,0,7.8958,0,0,0,0,0,0,0,0,0,1,0,0,1
163,0,3,17.0,0,0,8.6625,0,0,0,0,0,0,0,0,0,1,0,0,1
523,1,1,44.0,0,1,57.9792,18,0,1,0,0,0,0,0,0,0,1,0,0
357,0,2,38.0,0,0,13.0,0,0,0,0,0,0,0,0,0,1,0,0,1
153,0,3,40.5,0,2,14.5,0,0,0,0,0,0,0,0,0,1,0,0,1
43,1,2,3.0,1,2,41.5792,0,0,0,0,0,0,0,0,0,1,1,0,0
655,0,2,24.0,2,0,73.5,0,0,0,0,0,0,0,0,0,1,0,0,1
22,1,3,15.0,0,0,8.0292,0,0,0,0,0,0,0,0,0,1,0,1,0
821,1,3,27.0,0,0,8.6625,0,0,0,0,0,0,0,0,0,1,0,0,1
273,0,1,37.0,0,1,29.7,118,0,0,1,0,0,0,0,0,0,1,0,0
885,0,3,39.0,0,5,29.125,0,0,0,0,0,0,0,0,0,1,0,1,0
610,0,3,39.0,1,5,31.275,0,0,0,0,0,0,0,0,0,1,0,0,1
445,1,1,4.0,0,2,81.8583,34,1,0,0,0,0,0,0,0,0,0,0,1
280,0,3,65.0,0,0,7.75,0,0,0,0,0,0,0,0,0,1,0,1,0
118,0,1,24.0,0,1,247.5208,58,0,1,0,0,0,0,0,0,0,1,0,0
191,0,2,19.0,0,0,13.0,0,0,0,0,0,0,0,0,0,1,0,0,1
870,0,3,26.0,0,0,7.8958,0,0,0,0,0,0,0,0,0,1,0,0,1
396,0,3,31.0,0,0,7.8542,0,0,0,0,0,0,0,0,0,1,0,0,1
567,0,3,29.0,0,4,21.075,0,0,0,0,0,0,0,0,0,1,0,0,1
662,0,1,47.0,0,0,25.5875,58,0,0,0,0,1,0,0,0,0,0,0,1
348,1,3,3.0,1,1,15.9,0,0,0,0,0,0,0,0,0,1,0,0,1
734,0,2,23.0,0,0,13.0,0,0,0,0,0,0,0,0,0,1,0,0,1
758,0,3,34.0,0,0,8.05,0,0,0,0,0,0,0,0,0,1,0,0,1
437,1,2,24.0,2,3,18.75,0,0,0,0,0,0,0,0,0,1,0,0,1
471,0,3,38.0,0,0,8.6625,0,0,0,0,0,0,0,0,0,1,0,0,1
504,1,1,16.0,0,0,86.5,79,0,1,0,0,0,0,0,0,0,0,0,1
321,0,3,27.0,0,0,7.8958,0,0,0,0,0,0,0,0,0,1,0,0,1
94,0,3,59.0,0,0,7.25,0,0,0,0,0,0,0,0,0,1,0,0,1
244,0,3,30.0,0,0,7.225,0,0,0,0,0,0,0,0,0,1,1,0,0
615,1,2,24.0,1,2,65.0,0,0,0,0,0,0,0,0,0,1,0,0,1
172,1,3,1.0,1,1,11.1333,0,0,0,0,0,0,0,0,0,1,0,0,1
626,0,2,57.0,0,0,12.35,0,0,0,0,0,0,0,0,0,1,0,1,0
695,0,2,52.0,0,0,13.5,0,0,0,0,0,0,0,0,0,1,0,0,1
585,1,1,18.0,0,2,79.65,68,0,0,0,0,1,0,0,0,0,0,0,1
251,0,3,29.0,1,1,10.4625,6,0,0,0,0,0,0,1,0,0,0,0,1
391,1,3,21.0,0,0,7.7958,0,0,0,0,0,0,0,0,0,1,0,0,1
363,0,3,35.0,0,0,7.05,0,0,0,0,0,0,0,0,0,1,0,0,1
236,0,2,44.0,1,0,26.0,0,0,0,0,0,0,0,0,0,1,0,0,1
142,1,3,24.0,1,0,15.85,0,0,0,0,0,0,0,0,0,1,0,0,1
228,0,2,18.0,0,0,13.0,0,0,0,0,0,0,0,0,0,1,0,0,1
192,1,3,19.0,1,0,7.8542,0,0,0,0,0,0,0,0,0,1,0,0,1
404,0,3,20.0,0,0,8.6625,0,0,0,0,0,0,0,0,0,1,0,0,1
59,0,3,11.0,5,2,46.9,0,0,0,0,0,0,0,0,0,1,0,0,1
561,0,3,40.0,0,0,7.8958,0,0,0,0,0,0,0,0,0,1,0,0,1
7,0,3,2.0,3,1,21.075,0,0,0,0,0,0,0,0,0,1,0,0,1
314,0,2,43.0,1,1,26.25,0,0,0,0,0,0,0,0,0,1,0,0,1
98,1,2,34.0,0,1,23.0,0,0,0,0,0,0,0,0,0,1,0,0,1
649,1,3,23.0,0,0,7.55,0,0,0,0,0,0,0,0,0,1,0,0,1
492,0,1,55.0,0,0,30.5,30,0,0,1,0,0,0,0,0,0,0,0,1
545,0,1,64.0,0,0,26.0,0,0,0,0,0,0,0,0,0,1,0,0,1
90,0,3,29.0,0,0,8.05,0,0,0,0,0,0,0,0,0,1,0,0,1
210,0,3,24.0,0,0,7.05,0,0,0,0,0,0,0,0,0,1,0,0,1
700,1,1,18.0,1,0,227.525,62,0,0,1,0,0,0,0,0,0,1,0,0
458,1,2,50.0,0,0,10.5,0,0,0,0,0,0,0,0,0,1,0,0,1
433,0,3,17.0,0,0,7.125,0,0,0,0,0,0,0,0,0,1,0,0,1
735,0,3,28.5,0,0,16.1,0,0,0,0,0,0,0,0,0,1,0,0,1
678,0,3,43.0,1,6,46.9,0,0,0,0,0,0,0,0,0,1,0,0,1
501,0,3,21.0,0,0,7.75,0,0,0,0,0,0,0,0,0,1,0,1,0
231,0,3,29.0,0,0,7.775,0,0,0,0,0,0,0,0,0,1,0,0,1
436,0,3,21.0,2,2,34.375,0,0,0,0,0,0,0,0,0,1,0,0,1
772,0,2,57.0,0,0,10.5,77,0,0,0,0,1,0,0,0,0,0,0,1
263,0,1,40.0,0,0,0.0,94,0,1,0,0,0,0,0,0,0,0,0,1
729,0,3,25.0,1,0,7.925,0,0,0,0,0,0,0,0,0,1,0,0,1
636,0,3,32.0,0,0,7.925,0,0,0,0,0,0,0,0,0,1,0,0,1
681,1,1,27.0,0,0,76.7292,49,0,0,0,1,0,0,0,0,0,1,0,0
245,0,1,44.0,2,0,90.0,78,0,0,1,0,0,0,0,0,0,0,1,0
219,0,2,30.0,0,0,10.5,0,0,0,0,0,0,0,0,0,1,0,0,1
